date,JNJ
2026-07-04 16:45:03.295630,38.3210618504397
2026-07-05 16:45:03.295630,49.19818597495333
2026-07-06 16:45:03.295630,42.82379265303021
2026-07-07 16:45:03.295630,73.4527163672712
2026-07-08 16:45:03.295630,74.62158450981494
2026-07-09 16:45:03.295630,64.07106542591667
2026-07-10 16:45:03.295630,78.16015226569345
2026-07-11 16:45:03.295630,67.38559469206453
2026-07-12 16:45:03.295630,80.86864941279568
2026-07-13 16:45:03.295630,76.22679190973444
2026-07-14 16:45:03.295630,65.15019230597834
2026-07-15 16:45:03.295630,65.12200532079905
2026-07-16 16:45:03.295630,62.13492967273872
2026-07-17 16:45:03.295630,80.87537885783583
2026-07-18 16:45:03.295630,56.85740885826014
2026-07-19 16:45:03.295630,46.61108298449335
2026-07-20 16:45:03.295630,62.765362199468974
2026-07-21 16:45:03.295630,69.9170696770145
2026-07-22 16:45:03.295630,63.45867283914606
2026-07-23 16:45:03.295630,74.5537558133407
2026-07-24 16:45:03.295630,56.69011985703312
2026-07-25 16:45:03.295630,54.92687896711795
2026-07-26 16:45:03.295630,76.54879151945075
2026-07-27 16:45:03.295630,37.4986695529765
2026-07-28 16:45:03.295630,53.63797273826375
2026-07-29 16:45:03.295630,39.74266440682018
2026-07-30 16:45:03.295630,51.480111097736234
2026-07-31 16:45:03.295630,54.04555903534667
2026-08-01 16:45:03.295630,33.091707778299394
2026-08-02 16:45:03.295630,27.243748269511038
2026-08-03 16:45:03.295630,24.556874381477613
2026-08-04 16:45:03.295630,38.46591756228491
2026-08-05 16:45:03.295630,29.22121591926948
2026-08-06 16:45:03.295630,31.093759053144797
2026-08-07 16:45:03.295630,23.126710128594638
2026-08-08 16:45:03.295630,19.154487608664923
2026-08-09 16:45:03.295630,45.8990546111406
2026-08-10 16:45:03.295630,28.876128957230875
2026-08-11 16:45:03.295630,23.496711198713232
2026-08-12 16:45:03.295630,36.61173570371213
2026-08-13 16:45:03.295630,34.43074694083986
2026-08-14 16:45:03.295630,49.774188079583865
2026-08-15 16:45:03.295630,52.657706688823794
2026-08-16 16:45:03.295630,37.744413209434455
2026-08-17 16:45:03.295630,45.632748958261345
2026-08-18 16:45:03.295630,44.55029959532339
2026-08-19 16:45:03.295630,45.93905045592943
2026-08-20 16:45:03.295630,58.62116056061289
2026-08-21 16:45:03.295630,68.73092850733863
2026-08-22 16:45:03.295630,56.691425652983995
2026-08-23 16:45:03.295630,53.99835780164885
2026-08-24 16:45:03.295630,70.44214549000161
2026-08-25 16:45:03.295630,79.2484494858861
2026-08-26 16:45:03.295630,77.03024877035914
2026-08-27 16:45:03.295630,57.98657319823002
2026-08-28 16:45:03.295630,81.25699732098593
2026-08-29 16:45:03.295630,73.06108287963905
2026-08-30 16:45:03.295630,71.57142082250175
2026-08-31 16:45:03.295630,47.78505322987011
2026-09-01 16:45:03.295630,54.857363359567145
2026-09-02 16:45:03.295630,48.77981732158787
2026-09-03 16:45:03.295630,50.243955078110616
2026-09-04 16:45:03.295630,47.730998197515966
2026-09-05 16:45:03.295630,60.57064679612577
2026-09-06 16:45:03.295630,70.1602186058958
2026-09-07 16:45:03.295630,53.58016658195581
2026-09-08 16:45:03.295630,50.61013786081319
2026-09-09 16:45:03.295630,48.017790370257465
2026-09-10 16:45:03.295630,60.86875708622182
2026-09-11 16:45:03.295630,40.51452043225359
2026-09-12 16:45:03.295630,22.180250183247722
2026-09-13 16:45:03.295630,40.02323499570432
2026-09-14 16:45:03.295630,26.226469216180536
2026-09-15 16:45:03.295630,43.34576283509426
2026-09-16 16:45:03.295630,23.90812576599981
2026-09-17 16:45:03.295630,42.846727245387854
2026-09-18 16:45:03.295630,69.7160320083633
2026-09-19 16:45:03.295630,41.3465387228034
2026-09-20 16:45:03.295630,36.41838030852881
2026-09-21 16:45:03.295630,29.058770105327888
2026-09-22 16:45:03.295630,44.81573676501261
2026-09-23 16:45:03.295630,32.365157821573575
2026-09-24 16:45:03.295630,45.50919857264004
2026-09-25 16:45:03.295630,46.38435727172061
2026-09-26 16:45:03.295630,31.801646663238714
2026-09-27 16:45:03.295630,38.244565220606354
2026-09-28 16:45:03.295630,31.614319279703064
2026-09-29 16:45:03.295630,57.080695369693544
2026-09-30 16:45:03.295630,33.2297216855475
2026-10-01 16:45:03.295630,63.91044545282675
