date,META
2026-07-13 01:22:15.529008,57.33478260906241
2026-07-14 01:22:15.529008,44.524246791901675
2026-07-15 01:22:15.529008,53.35830079597282
2026-07-16 01:22:15.529008,56.885355668325246
2026-07-17 01:22:15.529008,52.50339503154078
2026-07-18 01:22:15.529008,62.94183026370903
2026-07-19 01:22:15.529008,75.14184433716642
2026-07-20 01:22:15.529008,56.83494721120331
2026-07-21 01:22:15.529008,100.0
2026-07-22 01:22:15.529008,58.86906327006698
2026-07-23 01:22:15.529008,83.73578096304723
2026-07-24 01:22:15.529008,78.81794687020809
2026-07-25 01:22:15.529008,100.0
2026-07-26 01:22:15.529008,81.89818979061012
2026-07-27 01:22:15.529008,69.48325730083057
2026-07-28 01:22:15.529008,54.39845981772807
2026-07-29 01:22:15.529008,86.6560747894789
2026-07-30 01:22:15.529008,55.49298139740793
2026-07-31 01:22:15.529008,54.57801811737368
2026-08-01 01:22:15.529008,48.21401121521392
2026-08-02 01:22:15.529008,63.05403947405827
2026-08-03 01:22:15.529008,51.23403313078457
2026-08-04 01:22:15.529008,55.59503649868438
2026-08-05 01:22:15.529008,59.32630427241472
2026-08-06 01:22:15.529008,34.69468977434044
2026-08-07 01:22:15.529008,56.12603594963295
2026-08-08 01:22:15.529008,32.947752376332986
2026-08-09 01:22:15.529008,25.920377231308812
2026-08-10 01:22:15.529008,35.48243710921771
2026-08-11 01:22:15.529008,41.837974447539125
2026-08-12 01:22:15.529008,52.90919461928586
2026-08-13 01:22:15.529008,33.65185928697601
2026-08-14 01:22:15.529008,29.84750824883916
2026-08-15 01:22:15.529008,38.445814802643355
2026-08-16 01:22:15.529008,25.02268291127441
2026-08-17 01:22:15.529008,30.770126045898852
2026-08-18 01:22:15.529008,27.305398016209075
2026-08-19 01:22:15.529008,37.408270494658595
2026-08-20 01:22:15.529008,20.89365735798684
2026-08-21 01:22:15.529008,42.433398318131424
2026-08-22 01:22:15.529008,71.21560434259396
2026-08-23 01:22:15.529008,35.203831950707674
2026-08-24 01:22:15.529008,49.91527717904959
2026-08-25 01:22:15.529008,74.5714498437163
2026-08-26 01:22:15.529008,32.81979974887775
2026-08-27 01:22:15.529008,28.933143345397156
2026-08-28 01:22:15.529008,70.78581654265145
2026-08-29 01:22:15.529008,56.94290884645052
2026-08-30 01:22:15.529008,58.39168002551869
2026-08-31 01:22:15.529008,93.60175784609939
2026-09-01 01:22:15.529008,89.77243921024032
2026-09-02 01:22:15.529008,60.552547153178914
2026-09-03 01:22:15.529008,54.4856326553191
2026-09-04 01:22:15.529008,69.23084915208258
2026-09-05 01:22:15.529008,81.06977095821247
2026-09-06 01:22:15.529008,48.429314271241836
2026-09-07 01:22:15.529008,55.925540540149235
2026-09-08 01:22:15.529008,41.82672910027057
2026-09-09 01:22:15.529008,75.03604565259774
2026-09-10 01:22:15.529008,77.9909083314212
2026-09-11 01:22:15.529008,63.71057941813722
2026-09-12 01:22:15.529008,55.77502392030193
2026-09-13 01:22:15.529008,57.14765578356526
2026-09-14 01:22:15.529008,65.46544892651669
2026-09-15 01:22:15.529008,53.15346222449158
2026-09-16 01:22:15.529008,45.737571803056866
2026-09-17 01:22:15.529008,42.52956226944476
2026-09-18 01:22:15.529008,37.75844178844366
2026-09-19 01:22:15.529008,61.35449885763687
2026-09-20 01:22:15.529008,31.27028011843077
2026-09-21 01:22:15.529008,42.1358402417453
2026-09-22 01:22:15.529008,70.54249656920726
2026-09-23 01:22:15.529008,31.169937015814668
2026-09-24 01:22:15.529008,39.577196921757825
2026-09-25 01:22:15.529008,22.94202873503228
2026-09-26 01:22:15.529008,34.16519712961792
2026-09-27 01:22:15.529008,28.740650135268044
2026-09-28 01:22:15.529008,27.128958587485087
2026-09-29 01:22:15.529008,32.639584027904384
2026-09-30 01:22:15.529008,28.071786065148476
2026-10-01 01:22:15.529008,38.81844208544379
2026-10-02 01:22:15.529008,32.763937883599276
2026-10-03 01:22:15.529008,30.746310229538217
2026-10-04 01:22:15.529008,47.20057072688703
2026-10-05 01:22:15.529008,37.46415421047601
2026-10-06 01:22:15.529008,36.90702604560551
2026-10-07 01:22:15.529008,42.58605099329259
2026-10-08 01:22:15.529008,36.73913960168357
2026-10-09 01:22:15.529008,45.11847953755905
2026-10-10 01:22:15.529008,48.41947091670333
