date,TSLA
2026-07-08 18:54:35.125597,51.94165799458708
2026-07-09 18:54:35.125597,60.291343344426224
2026-07-10 18:54:35.125597,38.86297784173243
2026-07-11 18:54:35.125597,49.47982987162905
2026-07-12 18:54:35.125597,62.18447319959718
2026-07-13 18:54:35.125597,67.11403548710761
2026-07-14 18:54:35.125597,64.46250566358424
2026-07-15 18:54:35.125597,63.40452021395701
2026-07-16 18:54:35.125597,62.47931230545457
2026-07-17 18:54:35.125597,70.71969608848168
2026-07-18 18:54:35.125597,84.43014244014867
2026-07-19 18:54:35.125597,70.14191142796207
2026-07-20 18:54:35.125597,70.18683037816336
2026-07-21 18:54:35.125597,83.55774062292372
2026-07-22 18:54:35.125597,72.70039920434009
2026-07-23 18:54:35.125597,65.84918930761192
2026-07-24 18:54:35.125597,58.515432993829705
2026-07-25 18:54:35.125597,61.151731524019844
2026-07-26 18:54:35.125597,70.59580309202931
2026-07-27 18:54:35.125597,88.19952443026465
2026-07-28 18:54:35.125597,57.67165059670426
2026-07-29 18:54:35.125597,51.69734225357787
2026-07-30 18:54:35.125597,60.72322384720977
2026-07-31 18:54:35.125597,52.11989209620042
2026-08-01 18:54:35.125597,60.74703955837149
2026-08-02 18:54:35.125597,47.004401422199805
2026-08-03 18:54:35.125597,45.19833259515446
2026-08-04 18:54:35.125597,34.52915717271597
2026-08-05 18:54:35.125597,37.84429078287663
2026-08-06 18:54:35.125597,44.2389280580007
2026-08-07 18:54:35.125597,24.683988209432435
2026-08-08 18:54:35.125597,37.54721197917678
2026-08-09 18:54:35.125597,32.462605618559394
2026-08-10 18:54:35.125597,22.34430578518786
2026-08-11 18:54:35.125597,24.54312702358883
2026-08-12 18:54:35.125597,37.161445034494086
2026-08-13 18:54:35.125597,24.404711234833883
2026-08-14 18:54:35.125597,29.40557188938689
2026-08-15 18:54:35.125597,15.198998139315542
2026-08-16 18:54:35.125597,50.50594580355644
2026-08-17 18:54:35.125597,25.323909314401757
2026-08-18 18:54:35.125597,39.29852720709837
2026-08-19 18:54:35.125597,35.909262485192755
2026-08-20 18:54:35.125597,36.59883918795456
2026-08-21 18:54:35.125597,59.79668391584258
2026-08-22 18:54:35.125597,41.2723025039883
2026-08-23 18:54:35.125597,63.58765263248826
2026-08-24 18:54:35.125597,49.08557380960513
2026-08-25 18:54:35.125597,78.98243281699456
2026-08-26 18:54:35.125597,68.4031817954617
2026-08-27 18:54:35.125597,92.15570767700947
2026-08-28 18:54:35.125597,36.34114652244325
2026-08-29 18:54:35.125597,78.89573325222962
2026-08-30 18:54:35.125597,83.3272940305805
2026-08-31 18:54:35.125597,63.79815658712888
2026-09-01 18:54:35.125597,78.18815825578396
2026-09-02 18:54:35.125597,63.9406925547339
2026-09-03 18:54:35.125597,64.55490675391952
2026-09-04 18:54:35.125597,70.28811130191777
2026-09-05 18:54:35.125597,62.44792121243822
2026-09-06 18:54:35.125597,74.09505931488914
2026-09-07 18:54:35.125597,67.94964742719132
2026-09-08 18:54:35.125597,99.47232369078962
2026-09-09 18:54:35.125597,64.13474664084102
2026-09-10 18:54:35.125597,63.013556396951515
2026-09-11 18:54:35.125597,59.02691740266354
2026-09-12 18:54:35.125597,54.2880979374333
2026-09-13 18:54:35.125597,42.46154889823946
2026-09-14 18:54:35.125597,64.90381697339416
2026-09-15 18:54:35.125597,48.02556558901847
2026-09-16 18:54:35.125597,46.23390590262668
2026-09-17 18:54:35.125597,34.7771244850533
2026-09-18 18:54:35.125597,21.4896835542843
2026-09-19 18:54:35.125597,42.15372024390584
2026-09-20 18:54:35.125597,25.361312531685478
2026-09-21 18:54:35.125597,31.639669817224878
2026-09-22 18:54:35.125597,35.28108337593675
2026-09-23 18:54:35.125597,31.914525236219003
2026-09-24 18:54:35.125597,20.48427285223221
2026-09-25 18:54:35.125597,35.62055179795543
2026-09-26 18:54:35.125597,31.73165250385143
2026-09-27 18:54:35.125597,30.551123222827595
2026-09-28 18:54:35.125597,34.347431872470096
2026-09-29 18:54:35.125597,29.732182526498462
2026-09-30 18:54:35.125597,34.95867263315684
2026-10-01 18:54:35.125597,63.140249702122034
2026-10-02 18:54:35.125597,32.191030568402795
2026-10-03 18:54:35.125597,61.12473209687499
2026-10-04 18:54:35.125597,46.018037209342566
2026-10-05 18:54:35.125597,49.404016354038234
