date,JPM
2026-07-09 16:20:47.535828,37.68560514622642
2026-07-10 16:20:47.535828,47.81589502300167
2026-07-11 16:20:47.535828,52.199675786298165
2026-07-12 16:20:47.535828,22.776231059678217
2026-07-13 16:20:47.535828,68.45292147211318
2026-07-14 16:20:47.535828,55.49985872380526
2026-07-15 16:20:47.535828,60.91755737515242
2026-07-16 16:20:47.535828,87.67232998761574
2026-07-17 16:20:47.535828,73.66451477968575
2026-07-18 16:20:47.535828,75.26275547659337
2026-07-19 16:20:47.535828,64.99955926726054
2026-07-20 16:20:47.535828,84.03024800774016
2026-07-21 16:20:47.535828,73.0494310509095
2026-07-22 16:20:47.535828,64.4699671148851
2026-07-23 16:20:47.535828,78.98184624212607
2026-07-24 16:20:47.535828,76.33400911569612
2026-07-25 16:20:47.535828,68.31592870284177
2026-07-26 16:20:47.535828,74.84438052182493
2026-07-27 16:20:47.535828,76.4648185347396
2026-07-28 16:20:47.535828,62.205743294526386
2026-07-29 16:20:47.535828,49.34335186494349
2026-07-30 16:20:47.535828,59.62866378175858
2026-07-31 16:20:47.535828,19.773131024082726
2026-08-01 16:20:47.535828,43.95281608907292
2026-08-02 16:20:47.535828,37.24281190938603
2026-08-03 16:20:47.535828,44.2361711204361
2026-08-04 16:20:47.535828,40.79800289654504
2026-08-05 16:20:47.535828,55.29601533021191
2026-08-06 16:20:47.535828,35.09996900811039
2026-08-07 16:20:47.535828,45.043182001909244
2026-08-08 16:20:47.535828,37.61324650183969
2026-08-09 16:20:47.535828,28.299616106258586
2026-08-10 16:20:47.535828,23.985569744318738
2026-08-11 16:20:47.535828,56.13576439206899
2026-08-12 16:20:47.535828,31.128706419280817
2026-08-13 16:20:47.535828,61.11934627457723
2026-08-14 16:20:47.535828,36.7252230369308
2026-08-15 16:20:47.535828,33.67805814108978
2026-08-16 16:20:47.535828,46.23880315754667
2026-08-17 16:20:47.535828,37.99076327904323
2026-08-18 16:20:47.535828,40.11616436980831
2026-08-19 16:20:47.535828,27.479473220062363
2026-08-20 16:20:47.535828,49.02162774367033
2026-08-21 16:20:47.535828,48.58421320365887
2026-08-22 16:20:47.535828,34.74796617910014
2026-08-23 16:20:47.535828,59.03564211529239
2026-08-24 16:20:47.535828,62.93411690303334
2026-08-25 16:20:47.535828,58.92172220582405
2026-08-26 16:20:47.535828,71.60912974201446
2026-08-27 16:20:47.535828,60.5101726555888
2026-08-28 16:20:47.535828,82.53511773806513
2026-08-29 16:20:47.535828,49.42044503855877
2026-08-30 16:20:47.535828,100.0
2026-08-31 16:20:47.535828,64.79222845517143
2026-09-01 16:20:47.535828,73.66359437413156
2026-09-02 16:20:47.535828,84.96854733326778
2026-09-03 16:20:47.535828,76.9036544677993
2026-09-04 16:20:47.535828,73.9186167879795
2026-09-05 16:20:47.535828,56.8415245058815
2026-09-06 16:20:47.535828,81.9451939778047
2026-09-07 16:20:47.535828,60.82673810639484
2026-09-08 16:20:47.535828,64.1617321359769
2026-09-09 16:20:47.535828,98.25827692161043
2026-09-10 16:20:47.535828,50.11058332436707
2026-09-11 16:20:47.535828,78.61646961796862
2026-09-12 16:20:47.535828,47.530153155980834
2026-09-13 16:20:47.535828,59.02458340937706
2026-09-14 16:20:47.535828,53.006262350817025
2026-09-15 16:20:47.535828,50.577120853257014
2026-09-16 16:20:47.535828,46.60419821289749
2026-09-17 16:20:47.535828,25.15221828381806
2026-09-18 16:20:47.535828,31.999392367921025
2026-09-19 16:20:47.535828,58.72021007810457
2026-09-20 16:20:47.535828,37.2205896515742
2026-09-21 16:20:47.535828,4.451301070229533
2026-09-22 16:20:47.535828,34.30469675876833
2026-09-23 16:20:47.535828,50.27164138135967
2026-09-24 16:20:47.535828,26.605062247887037
2026-09-25 16:20:47.535828,37.85416999655688
2026-09-26 16:20:47.535828,29.989435167342727
2026-09-27 16:20:47.535828,16.477003796925242
2026-09-28 16:20:47.535828,24.75313836554687
2026-09-29 16:20:47.535828,28.399042824578718
2026-09-30 16:20:47.535828,33.1935917924077
2026-10-01 16:20:47.535828,26.036370856109585
2026-10-02 16:20:47.535828,34.69944606933527
2026-10-03 16:20:47.535828,39.3747166573917
2026-10-04 16:20:47.535828,47.910438695334655
2026-10-05 16:20:47.535828,55.85114254303066
2026-10-06 16:20:47.535828,44.31554413847617
