date,GOOGL
2026-07-02 16:11:24.065798,57.68343782661998
2026-07-03 16:11:24.065798,53.32170101161345
2026-07-04 16:11:24.065798,68.77246814258346
2026-07-05 16:11:24.065798,67.40458761522844
2026-07-06 16:11:24.065798,56.125129428464916
2026-07-07 16:11:24.065798,60.947695916411185
2026-07-08 16:11:24.065798,63.25093588023094
2026-07-09 16:11:24.065798,66.19014397918853
2026-07-10 16:11:24.065798,70.62296685337563
2026-07-11 16:11:24.065798,48.31204889095076
2026-07-12 16:11:24.065798,100.0
2026-07-13 16:11:24.065798,74.71050800669916
2026-07-14 16:11:24.065798,83.80907649578143
2026-07-15 16:11:24.065798,60.39377907114067
2026-07-16 16:11:24.065798,60.25785486209367
2026-07-17 16:11:24.065798,73.73669485494462
2026-07-18 16:11:24.065798,49.70539361446232
2026-07-19 16:11:24.065798,54.872279307877214
2026-07-20 16:11:24.065798,62.3342876131716
2026-07-21 16:11:24.065798,44.625470680101685
2026-07-22 16:11:24.065798,43.22413994796946
2026-07-23 16:11:24.065798,40.50447133873496
2026-07-24 16:11:24.065798,53.555331646181884
2026-07-25 16:11:24.065798,48.48719433988127
2026-07-26 16:11:24.065798,45.39304827045603
2026-07-27 16:11:24.065798,60.14354168900293
2026-07-28 16:11:24.065798,60.55000265140854
2026-07-29 16:11:24.065798,46.21097745378767
2026-07-30 16:11:24.065798,53.00721444409116
2026-07-31 16:11:24.065798,42.00298968730435
2026-08-01 16:11:24.065798,20.734766150061894
2026-08-02 16:11:24.065798,57.92236543370219
2026-08-03 16:11:24.065798,37.245620531912394
2026-08-04 16:11:24.065798,23.937845757395156
2026-08-05 16:11:24.065798,34.20023527458572
2026-08-06 16:11:24.065798,22.334298131705737
2026-08-07 16:11:24.065798,41.68525651306341
2026-08-08 16:11:24.065798,26.413495474406446
2026-08-09 16:11:24.065798,37.38102402078636
2026-08-10 16:11:24.065798,35.95168922407448
2026-08-11 16:11:24.065798,62.57680473315891
2026-08-12 16:11:24.065798,43.665560331737844
2026-08-13 16:11:24.065798,48.80610764591758
2026-08-14 16:11:24.065798,54.06134999419618
2026-08-15 16:11:24.065798,45.472639494610036
2026-08-16 16:11:24.065798,78.3056632584227
2026-08-17 16:11:24.065798,22.184092738020908
2026-08-18 16:11:24.065798,54.79281465604987
2026-08-19 16:11:24.065798,62.96936402029581
2026-08-20 16:11:24.065798,79.29549287705166
2026-08-21 16:11:24.065798,62.8794248064325
2026-08-22 16:11:24.065798,51.57203563604416
2026-08-23 16:11:24.065798,75.41463767561174
2026-08-24 16:11:24.065798,67.62971532795913
2026-08-25 16:11:24.065798,60.553987249347514
2026-08-26 16:11:24.065798,71.66353334400881
2026-08-27 16:11:24.065798,72.70853568876868
2026-08-28 16:11:24.065798,86.58436409764198
2026-08-29 16:11:24.065798,74.4124339026062
2026-08-30 16:11:24.065798,79.26544127519169
2026-08-31 16:11:24.065798,39.20947544821212
2026-09-01 16:11:24.065798,65.79936408706759
2026-09-02 16:11:24.065798,62.74382364902647
2026-09-03 16:11:24.065798,81.78094667416937
2026-09-04 16:11:24.065798,53.09835333525696
2026-09-05 16:11:24.065798,56.22947781993031
2026-09-06 16:11:24.065798,48.8119154707971
2026-09-07 16:11:24.065798,51.59797269381902
2026-09-08 16:11:24.065798,46.80175462561547
2026-09-09 16:11:24.065798,35.79891881848587
2026-09-10 16:11:24.065798,38.60246622029607
2026-09-11 16:11:24.065798,57.06612846412561
2026-09-12 16:11:24.065798,33.49709796225915
2026-09-13 16:11:24.065798,20.125348720911575
2026-09-14 16:11:24.065798,34.455586268102635
2026-09-15 16:11:24.065798,38.42521183724548
2026-09-16 16:11:24.065798,23.332774268428963
2026-09-17 16:11:24.065798,21.328607385698348
2026-09-18 16:11:24.065798,33.1225663778995
2026-09-19 16:11:24.065798,30.402363695443775
2026-09-20 16:11:24.065798,19.659512823463942
2026-09-21 16:11:24.065798,21.168937875920797
2026-09-22 16:11:24.065798,21.296094117084127
2026-09-23 16:11:24.065798,32.32964048495379
2026-09-24 16:11:24.065798,32.92423955313797
2026-09-25 16:11:24.065798,40.336800412299894
2026-09-26 16:11:24.065798,52.94124758726344
2026-09-27 16:11:24.065798,44.867727461109766
2026-09-28 16:11:24.065798,47.6185744287159
2026-09-29 16:11:24.065798,44.996235426515426
