date,NVDA
2026-07-04 16:45:03.197424,54.382763459141245
2026-07-05 16:45:03.197424,32.26464171932045
2026-07-06 16:45:03.197424,63.64096929230672
2026-07-07 16:45:03.197424,55.19678913102017
2026-07-08 16:45:03.197424,58.618066905364344
2026-07-09 16:45:03.197424,74.0581089803276
2026-07-10 16:45:03.197424,54.44368909097066
2026-07-11 16:45:03.197424,62.545563213210016
2026-07-12 16:45:03.197424,60.58678155261579
2026-07-13 16:45:03.197424,62.05865451850862
2026-07-14 16:45:03.197424,81.51414872183817
2026-07-15 16:45:03.197424,72.84389136561575
2026-07-16 16:45:03.197424,64.02708775444253
2026-07-17 16:45:03.197424,74.4049333854619
2026-07-18 16:45:03.197424,72.89433515105974
2026-07-19 16:45:03.197424,45.37057766412913
2026-07-20 16:45:03.197424,68.81129691642167
2026-07-21 16:45:03.197424,78.53444537968299
2026-07-22 16:45:03.197424,60.42262109696192
2026-07-23 16:45:03.197424,48.299695864741174
2026-07-24 16:45:03.197424,68.31209278679263
2026-07-25 16:45:03.197424,55.9137957096419
2026-07-26 16:45:03.197424,42.46130485205164
2026-07-27 16:45:03.197424,56.494324789693714
2026-07-28 16:45:03.197424,40.10327205627363
2026-07-29 16:45:03.197424,50.24714824520349
2026-07-30 16:45:03.197424,49.252039875471624
2026-07-31 16:45:03.197424,37.540185865715344
2026-08-01 16:45:03.197424,49.2165178528232
2026-08-02 16:45:03.197424,31.63739122917546
2026-08-03 16:45:03.197424,52.6141081479099
2026-08-04 16:45:03.197424,20.67924094586874
2026-08-05 16:45:03.197424,30.293019706532323
2026-08-06 16:45:03.197424,28.671284899849294
2026-08-07 16:45:03.197424,34.565901192196925
2026-08-08 16:45:03.197424,29.87124633598579
2026-08-09 16:45:03.197424,28.055637449688934
2026-08-10 16:45:03.197424,65.94277326002151
2026-08-11 16:45:03.197424,48.53095558979058
2026-08-12 16:45:03.197424,35.51330400477868
2026-08-13 16:45:03.197424,62.006477133366836
2026-08-14 16:45:03.197424,46.38649678125052
2026-08-15 16:45:03.197424,42.8261953966539
2026-08-16 16:45:03.197424,44.465508100805295
2026-08-17 16:45:03.197424,58.612485407811775
2026-08-18 16:45:03.197424,58.184300723070436
2026-08-19 16:45:03.197424,62.2137034426812
2026-08-20 16:45:03.197424,50.07536568126604
2026-08-21 16:45:03.197424,48.355831014554454
2026-08-22 16:45:03.197424,100.0
2026-08-23 16:45:03.197424,97.83865854457135
2026-08-24 16:45:03.197424,54.870838312345064
2026-08-25 16:45:03.197424,50.06392689841287
2026-08-26 16:45:03.197424,64.88605487376336
2026-08-27 16:45:03.197424,71.5235650871087
2026-08-28 16:45:03.197424,56.874777393815066
2026-08-29 16:45:03.197424,53.95418514417343
2026-08-30 16:45:03.197424,46.288117216362885
2026-08-31 16:45:03.197424,75.48824857104475
2026-09-01 16:45:03.197424,78.28861886963331
2026-09-02 16:45:03.197424,59.50996886987974
2026-09-03 16:45:03.197424,81.0210407082763
2026-09-04 16:45:03.197424,63.52099044730903
2026-09-05 16:45:03.197424,68.23755572366169
2026-09-06 16:45:03.197424,42.965667846041
2026-09-07 16:45:03.197424,65.04934341574446
2026-09-08 16:45:03.197424,54.265216994069604
2026-09-09 16:45:03.197424,53.6404624770578
2026-09-10 16:45:03.197424,60.89362821006239
2026-09-11 16:45:03.197424,43.726374495598336
2026-09-12 16:45:03.197424,46.98829613168048
2026-09-13 16:45:03.197424,28.877012492063532
2026-09-14 16:45:03.197424,19.7319308928412
2026-09-15 16:45:03.197424,29.061853017837223
2026-09-16 16:45:03.197424,27.263597225956552
2026-09-17 16:45:03.197424,24.745204158368935
2026-09-18 16:45:03.197424,25.320254487058605
2026-09-19 16:45:03.197424,18.608510372521533
2026-09-20 16:45:03.197424,34.29233369166092
2026-09-21 16:45:03.197424,40.46551482729187
2026-09-22 16:45:03.197424,45.457417098642516
2026-09-23 16:45:03.197424,41.91349790713279
2026-09-24 16:45:03.197424,53.41414470304945
2026-09-25 16:45:03.197424,71.12428542856945
2026-09-26 16:45:03.197424,40.94404494274174
2026-09-27 16:45:03.197424,36.50412422808244
2026-09-28 16:45:03.197424,37.463384608924706
2026-09-29 16:45:03.197424,36.46836626997176
2026-09-30 16:45:03.197424,40.038825224833225
2026-10-01 16:45:03.197424,58.874525501397414
