date,AAPL
2026-07-10 01:08:41.047439,44.756780863619404
2026-07-11 01:08:41.047439,56.489630073120665
2026-07-12 01:08:41.047439,55.90307517979111
2026-07-13 01:08:41.047439,62.871233589721726
2026-07-14 01:08:41.047439,100.0
2026-07-15 01:08:41.047439,68.70335325435268
2026-07-16 01:08:41.047439,84.75815771734773
2026-07-17 01:08:41.047439,53.37423229863206
2026-07-18 01:08:41.047439,62.468729596183636
2026-07-19 01:08:41.047439,79.54497008762024
2026-07-20 01:08:41.047439,65.44302646428278
2026-07-21 01:08:41.047439,54.264239060793855
2026-07-22 01:08:41.047439,55.360234419905865
2026-07-23 01:08:41.047439,66.67374526555788
2026-07-24 01:08:41.047439,72.89391308320114
2026-07-25 01:08:41.047439,85.02308103693983
2026-07-26 01:08:41.047439,60.60039111832022
2026-07-27 01:08:41.047439,53.50965794479683
2026-07-28 01:08:41.047439,71.61080373328144
2026-07-29 01:08:41.047439,63.457303582103975
2026-07-30 01:08:41.047439,44.73811373821238
2026-07-31 01:08:41.047439,48.78840750193312
2026-08-01 01:08:41.047439,50.78738164078773
2026-08-02 01:08:41.047439,40.540042795458
2026-08-03 01:08:41.047439,39.09994073151256
2026-08-04 01:08:41.047439,39.03755906010531
2026-08-05 01:08:41.047439,64.74143182192329
2026-08-06 01:08:41.047439,75.94854809925226
2026-08-07 01:08:41.047439,31.773543901966498
2026-08-08 01:08:41.047439,21.17238811140833
2026-08-09 01:08:41.047439,39.5308937047412
2026-08-10 01:08:41.047439,36.736859880036256
2026-08-11 01:08:41.047439,43.76558493249749
2026-08-12 01:08:41.047439,30.602126356153796
2026-08-13 01:08:41.047439,29.269536160722314
2026-08-14 01:08:41.047439,52.296973196709615
2026-08-15 01:08:41.047439,21.600567733050738
2026-08-16 01:08:41.047439,33.67181173427242
2026-08-17 01:08:41.047439,30.504995309876882
2026-08-18 01:08:41.047439,30.842437690917876
2026-08-19 01:08:41.047439,40.87849024798957
2026-08-20 01:08:41.047439,27.10390959981158
2026-08-21 01:08:41.047439,46.470418863894565
2026-08-22 01:08:41.047439,51.125186135382066
2026-08-23 01:08:41.047439,44.1693472857292
2026-08-24 01:08:41.047439,51.04371621363152
2026-08-25 01:08:41.047439,63.030716499924615
2026-08-26 01:08:41.047439,59.36775234233596
2026-08-27 01:08:41.047439,87.29261195341917
2026-08-28 01:08:41.047439,56.43331966868287
2026-08-29 01:08:41.047439,50.19958830693748
2026-08-30 01:08:41.047439,68.08119000915184
2026-08-31 01:08:41.047439,70.26524303655236
2026-09-01 01:08:41.047439,76.03640269406456
2026-09-02 01:08:41.047439,73.76678204219665
2026-09-03 01:08:41.047439,55.388160289062995
2026-09-04 01:08:41.047439,74.55756515327997
2026-09-05 01:08:41.047439,89.94147676515716
2026-09-06 01:08:41.047439,55.37856516569005
2026-09-07 01:08:41.047439,90.61861052016647
2026-09-08 01:08:41.047439,98.86312949532626
2026-09-09 01:08:41.047439,60.25536236267102
2026-09-10 01:08:41.047439,70.54872302094775
2026-09-11 01:08:41.047439,58.000878969755696
2026-09-12 01:08:41.047439,58.79758498301196
2026-09-13 01:08:41.047439,91.70225690159808
2026-09-14 01:08:41.047439,43.693045697671465
2026-09-15 01:08:41.047439,61.14457986213285
2026-09-16 01:08:41.047439,36.018675720078
2026-09-17 01:08:41.047439,51.157660186962374
2026-09-18 01:08:41.047439,39.062424871877845
2026-09-19 01:08:41.047439,48.82245502531017
2026-09-20 01:08:41.047439,18.182682503214256
2026-09-21 01:08:41.047439,29.046689081646704
2026-09-22 01:08:41.047439,32.7275291294765
2026-09-23 01:08:41.047439,48.546368673747196
2026-09-24 01:08:41.047439,29.356649124501942
2026-09-25 01:08:41.047439,32.68371734489016
2026-09-26 01:08:41.047439,22.705672257096047
2026-09-27 01:08:41.047439,35.5088250747534
2026-09-28 01:08:41.047439,62.037842305723444
2026-09-29 01:08:41.047439,12.411636624058978
2026-09-30 01:08:41.047439,16.247586504881017
2026-10-01 01:08:41.047439,42.28906667947699
2026-10-02 01:08:41.047439,46.20932473615162
2026-10-03 01:08:41.047439,42.29210624062662
2026-10-04 01:08:41.047439,43.56915879087056
2026-10-05 01:08:41.047439,38.90634908173975
2026-10-06 01:08:41.047439,54.94181589514642
2026-10-07 01:08:41.047439,43.594223048148244
