date,AMZN
2026-07-11 17:01:26.479442,52.1414093762697
2026-07-12 17:01:26.479442,59.08168870307747
2026-07-13 17:01:26.479442,37.72502000373372
2026-07-14 17:01:26.479442,100.0
2026-07-15 17:01:26.479442,75.71511467962233
2026-07-16 17:01:26.479442,57.52386615169679
2026-07-17 17:01:26.479442,58.538221491573026
2026-07-18 17:01:26.479442,71.5060049142796
2026-07-19 17:01:26.479442,78.10236727745703
2026-07-20 17:01:26.479442,68.77117998731698
2026-07-21 17:01:26.479442,60.30392392259329
2026-07-22 17:01:26.479442,77.74707863015607
2026-07-23 17:01:26.479442,77.4827545408634
2026-07-24 17:01:26.479442,56.76828989942343
2026-07-25 17:01:26.479442,65.30726139111498
2026-07-26 17:01:26.479442,92.99747664188058
2026-07-27 17:01:26.479442,54.42148510693222
2026-07-28 17:01:26.479442,53.514719144007216
2026-07-29 17:01:26.479442,55.82974988038114
2026-07-30 17:01:26.479442,44.3922478238231
2026-07-31 17:01:26.479442,70.32104518326943
2026-08-01 17:01:26.479442,61.233401541618974
2026-08-02 17:01:26.479442,78.64937992936119
2026-08-03 17:01:26.479442,54.41055609145467
2026-08-04 17:01:26.479442,40.45797603832952
2026-08-05 17:01:26.479442,44.54694763104971
2026-08-06 17:01:26.479442,37.475861019481904
2026-08-07 17:01:26.479442,25.511911104607595
2026-08-08 17:01:26.479442,51.35693006006126
2026-08-09 17:01:26.479442,25.71228328692731
2026-08-10 17:01:26.479442,38.99120936174763
2026-08-11 17:01:26.479442,30.020738024392287
2026-08-12 17:01:26.479442,8.428106367860376
2026-08-13 17:01:26.479442,31.987072964693006
2026-08-14 17:01:26.479442,22.6273644688399
2026-08-15 17:01:26.479442,23.748413168763527
2026-08-16 17:01:26.479442,48.08547188869442
2026-08-17 17:01:26.479442,30.194382138944974
2026-08-18 17:01:26.479442,33.10241909443365
2026-08-19 17:01:26.479442,23.163342305748266
2026-08-20 17:01:26.479442,50.903567327480374
2026-08-21 17:01:26.479442,40.73047003679122
2026-08-22 17:01:26.479442,50.31168712994044
2026-08-23 17:01:26.479442,25.650131880993058
2026-08-24 17:01:26.479442,55.594264429309746
2026-08-25 17:01:26.479442,61.932011623644186
2026-08-26 17:01:26.479442,61.98993876518895
2026-08-27 17:01:26.479442,33.19827172134824
2026-08-28 17:01:26.479442,59.22676565833174
2026-08-29 17:01:26.479442,64.30319083149463
2026-08-30 17:01:26.479442,48.25557991388676
2026-08-31 17:01:26.479442,84.16443834700308
2026-09-01 17:01:26.479442,57.63798170972688
2026-09-02 17:01:26.479442,68.82667214660145
2026-09-03 17:01:26.479442,78.22051447439796
2026-09-04 17:01:26.479442,53.38313505682602
2026-09-05 17:01:26.479442,64.4273106415582
2026-09-06 17:01:26.479442,41.32590377673982
2026-09-07 17:01:26.479442,65.3160974825227
2026-09-08 17:01:26.479442,73.5437397356581
2026-09-09 17:01:26.479442,63.57139229728415
2026-09-10 17:01:26.479442,64.8357347024213
2026-09-11 17:01:26.479442,59.94135804547982
2026-09-12 17:01:26.479442,56.18805773877759
2026-09-13 17:01:26.479442,54.21428115065279
2026-09-14 17:01:26.479442,61.78192316060587
2026-09-15 17:01:26.479442,46.62345349966177
2026-09-16 17:01:26.479442,44.42261464197072
2026-09-17 17:01:26.479442,76.40152958187441
2026-09-18 17:01:26.479442,37.01598126444976
2026-09-19 17:01:26.479442,48.76052931734869
2026-09-20 17:01:26.479442,26.526028711305823
2026-09-21 17:01:26.479442,44.37216307343828
2026-09-22 17:01:26.479442,21.403536331987613
2026-09-23 17:01:26.479442,47.88731631474023
2026-09-24 17:01:26.479442,36.780590292988585
2026-09-25 17:01:26.479442,34.74871154799732
2026-09-26 17:01:26.479442,31.16548119452525
2026-09-27 17:01:26.479442,41.582724208965466
2026-09-28 17:01:26.479442,11.068993884872562
2026-09-29 17:01:26.479442,26.83882144644273
2026-09-30 17:01:26.479442,27.10067863771543
2026-10-01 17:01:26.479442,34.506955954909664
2026-10-02 17:01:26.479442,54.51813507654415
2026-10-03 17:01:26.479442,54.28257486878115
2026-10-04 17:01:26.479442,59.816394856335265
2026-10-05 17:01:26.479442,56.82177669741519
2026-10-06 17:01:26.479442,33.78167523286427
2026-10-07 17:01:26.479442,50.46621684979923
2026-10-08 17:01:26.479442,50.73694828094537
