date,V
2026-07-01 17:51:21.477258,36.50392542873843
2026-07-02 17:51:21.477258,55.80980259753764
2026-07-03 17:51:21.477258,69.3124587588876
2026-07-04 17:51:21.477258,70.40751812175128
2026-07-05 17:51:21.477258,67.15070417808441
2026-07-06 17:51:21.477258,70.7003430311423
2026-07-07 17:51:21.477258,46.356772103956175
2026-07-08 17:51:21.477258,98.20894034385535
2026-07-09 17:51:21.477258,67.32080939512113
2026-07-10 17:51:21.477258,63.69206464188038
2026-07-11 17:51:21.477258,68.21425907079326
2026-07-12 17:51:21.477258,75.48656448011448
2026-07-13 17:51:21.477258,68.29858658906548
2026-07-14 17:51:21.477258,67.77061821844062
2026-07-15 17:51:21.477258,61.07328087230124
2026-07-16 17:51:21.477258,74.17147135730877
2026-07-17 17:51:21.477258,66.59074270516498
2026-07-18 17:51:21.477258,67.96831037478982
2026-07-19 17:51:21.477258,75.10444455924198
2026-07-20 17:51:21.477258,58.10866755704645
2026-07-21 17:51:21.477258,70.41095767332902
2026-07-22 17:51:21.477258,49.87915072329636
2026-07-23 17:51:21.477258,62.009394344905424
2026-07-24 17:51:21.477258,50.06282887585105
2026-07-25 17:51:21.477258,36.77221996988804
2026-07-26 17:51:21.477258,50.786227885986094
2026-07-27 17:51:21.477258,36.2036926397077
2026-07-28 17:51:21.477258,34.85169748245525
2026-07-29 17:51:21.477258,72.98195964315747
2026-07-30 17:51:21.477258,33.6028756629123
2026-07-31 17:51:21.477258,31.15493697381912
2026-08-01 17:51:21.477258,33.21441709795843
2026-08-02 17:51:21.477258,36.37471188706342
2026-08-03 17:51:21.477258,21.51933759027275
2026-08-04 17:51:21.477258,18.83850658664703
2026-08-05 17:51:21.477258,38.577455190756595
2026-08-06 17:51:21.477258,29.87531945827966
2026-08-07 17:51:21.477258,26.282150278889524
2026-08-08 17:51:21.477258,44.69098012925111
2026-08-09 17:51:21.477258,48.15059820424188
2026-08-10 17:51:21.477258,53.42521788734045
2026-08-11 17:51:21.477258,44.92857145247724
2026-08-12 17:51:21.477258,46.120967724513534
2026-08-13 17:51:21.477258,55.5753418997251
2026-08-14 17:51:21.477258,82.57215265365934
2026-08-15 17:51:21.477258,46.87873362043278
2026-08-16 17:51:21.477258,51.40290200051385
2026-08-17 17:51:21.477258,54.04714875367857
2026-08-18 17:51:21.477258,68.37113031016129
2026-08-19 17:51:21.477258,59.62059665712965
2026-08-20 17:51:21.477258,61.49417644165301
2026-08-21 17:51:21.477258,60.56178792716078
2026-08-22 17:51:21.477258,52.975092225802044
2026-08-23 17:51:21.477258,67.27187317964687
2026-08-24 17:51:21.477258,79.91181395866775
2026-08-25 17:51:21.477258,50.70523966183018
2026-08-26 17:51:21.477258,71.63239880523493
2026-08-27 17:51:21.477258,71.14445610628647
2026-08-28 17:51:21.477258,61.99887163341856
2026-08-29 17:51:21.477258,64.47569080864687
2026-08-30 17:51:21.477258,54.4756250179841
2026-08-31 17:51:21.477258,81.75666691932763
2026-09-01 17:51:21.477258,51.87906278390017
2026-09-02 17:51:21.477258,51.337252553847804
2026-09-03 17:51:21.477258,52.70779866255167
2026-09-04 17:51:21.477258,61.63258121892598
2026-09-05 17:51:21.477258,52.68684470324311
2026-09-06 17:51:21.477258,36.24140523090139
2026-09-07 17:51:21.477258,62.78281821829422
2026-09-08 17:51:21.477258,46.70857205150191
2026-09-09 17:51:21.477258,41.873560453910926
2026-09-10 17:51:21.477258,32.95777255982358
2026-09-11 17:51:21.477258,35.87162349097747
2026-09-12 17:51:21.477258,31.94827715168471
2026-09-13 17:51:21.477258,44.852765578839026
2026-09-14 17:51:21.477258,43.24800107526361
2026-09-15 17:51:21.477258,20.236478215057762
2026-09-16 17:51:21.477258,32.82949937228578
2026-09-17 17:51:21.477258,26.036328821155717
2026-09-18 17:51:21.477258,34.36507125310915
2026-09-19 17:51:21.477258,25.22148306316843
2026-09-20 17:51:21.477258,26.251764318925158
2026-09-21 17:51:21.477258,39.35303154683843
2026-09-22 17:51:21.477258,43.48184418486284
2026-09-23 17:51:21.477258,45.06809636305977
2026-09-24 17:51:21.477258,68.15764008284413
2026-09-25 17:51:21.477258,30.999005558066244
2026-09-26 17:51:21.477258,58.41032352060082
2026-09-27 17:51:21.477258,43.825431268974306
2026-09-28 17:51:21.477258,38.95382832969825
