date,MSFT
2026-07-02 16:11:24.051891,65.13156805053639
2026-07-03 16:11:24.051891,53.198707860786534
2026-07-04 16:11:24.051891,70.4644783865426
2026-07-05 16:11:24.051891,54.29823728586091
2026-07-06 16:11:24.051891,59.336005107340014
2026-07-07 16:11:24.051891,70.2230180956244
2026-07-08 16:11:24.051891,64.25247397881662
2026-07-09 16:11:24.051891,55.10578161216541
2026-07-10 16:11:24.051891,70.00493518561582
2026-07-11 16:11:24.051891,63.139630422288214
2026-07-12 16:11:24.051891,100.0
2026-07-13 16:11:24.051891,66.01023260139418
2026-07-14 16:11:24.051891,73.99154202443032
2026-07-15 16:11:24.051891,46.72893578714972
2026-07-16 16:11:24.051891,56.34417985334264
2026-07-17 16:11:24.051891,50.604044310190446
2026-07-18 16:11:24.051891,60.73588969187195
2026-07-19 16:11:24.051891,60.25373586350467
2026-07-20 16:11:24.051891,58.525075928597516
2026-07-21 16:11:24.051891,50.49105501322943
2026-07-22 16:11:24.051891,50.726297587063655
2026-07-23 16:11:24.051891,47.010398462303726
2026-07-24 16:11:24.051891,47.601445092570515
2026-07-25 16:11:24.051891,33.62623426422833
2026-07-26 16:11:24.051891,57.09692343876801
2026-07-27 16:11:24.051891,33.05846528495609
2026-07-28 16:11:24.051891,29.878259344797605
2026-07-29 16:11:24.051891,26.15071871611481
2026-07-30 16:11:24.051891,35.08822785177306
2026-07-31 16:11:24.051891,25.01362450619009
2026-08-01 16:11:24.051891,40.04504427764889
2026-08-02 16:11:24.051891,57.83850565601199
2026-08-03 16:11:24.051891,31.262884149791063
2026-08-04 16:11:24.051891,14.950905442000272
2026-08-05 16:11:24.051891,39.68285721004955
2026-08-06 16:11:24.051891,21.222805273844706
2026-08-07 16:11:24.051891,34.553539706772796
2026-08-08 16:11:24.051891,45.517445886018194
2026-08-09 16:11:24.051891,62.698465323035094
2026-08-10 16:11:24.051891,57.704658124167366
2026-08-11 16:11:24.051891,33.76158453368091
2026-08-12 16:11:24.051891,39.3917929476144
2026-08-13 16:11:24.051891,52.53940149491771
2026-08-14 16:11:24.051891,60.60666185438278
2026-08-15 16:11:24.051891,58.85566148873654
2026-08-16 16:11:24.051891,52.71237161740847
2026-08-17 16:11:24.051891,45.93813985910213
2026-08-18 16:11:24.051891,66.71736152642951
2026-08-19 16:11:24.051891,47.0883797073223
2026-08-20 16:11:24.051891,68.7383989460529
2026-08-21 16:11:24.051891,55.29426691781832
2026-08-22 16:11:24.051891,45.967708771385716
2026-08-23 16:11:24.051891,58.389560796075415
2026-08-24 16:11:24.051891,71.89714014773948
2026-08-25 16:11:24.051891,69.96176971340935
2026-08-26 16:11:24.051891,48.01426146404536
2026-08-27 16:11:24.051891,49.39530763864235
2026-08-28 16:11:24.051891,67.67874080216743
2026-08-29 16:11:24.051891,63.01984701614933
2026-08-30 16:11:24.051891,75.4893160102453
2026-08-31 16:11:24.051891,76.93224358604171
2026-09-01 16:11:24.051891,74.36703884239357
2026-09-02 16:11:24.051891,55.797129782173
2026-09-03 16:11:24.051891,57.01285039628661
2026-09-04 16:11:24.051891,55.8760005110547
2026-09-05 16:11:24.051891,57.09982550612693
2026-09-06 16:11:24.051891,65.90474396076038
2026-09-07 16:11:24.051891,40.99343548162517
2026-09-08 16:11:24.051891,41.991159671108505
2026-09-09 16:11:24.051891,25.248356700166262
2026-09-10 16:11:24.051891,50.06227552257361
2026-09-11 16:11:24.051891,56.85167502806892
2026-09-12 16:11:24.051891,55.62906732165153
2026-09-13 16:11:24.051891,71.16869329254533
2026-09-14 16:11:24.051891,27.087531380570862
2026-09-15 16:11:24.051891,19.105324835321305
2026-09-16 16:11:24.051891,23.88734988560905
2026-09-17 16:11:24.051891,34.12998679595212
2026-09-18 16:11:24.051891,31.06740754420929
2026-09-19 16:11:24.051891,19.825859634869463
2026-09-20 16:11:24.051891,20.031380126570312
2026-09-21 16:11:24.051891,29.66095455370804
2026-09-22 16:11:24.051891,22.88356254584627
2026-09-23 16:11:24.051891,48.08331951913517
2026-09-24 16:11:24.051891,40.67294086561271
2026-09-25 16:11:24.051891,34.21344434339431
2026-09-26 16:11:24.051891,42.85977614460628
2026-09-27 16:11:24.051891,46.123671320356564
2026-09-28 16:11:24.051891,30.020581319709994
2026-09-29 16:11:24.051891,62.478365080297834
